<?xml version="1.0" encoding="UTF-8"?>
<project-private xmlns="http://www.netbeans.org/ns/project-private/1">
    <editor-bookmarks xmlns="http://www.netbeans.org/ns/editor-bookmarks/2" lastBookmarkId="0"/>
    <open-files xmlns="http://www.netbeans.org/ns/projectui-open-files/2">
        <group>
            <file>file:/F:/CSD4464%20Programming%20Java%20EE/CSD4464-Assignment1-UnrealWar/.git/config</file>
            <file>file:/F:/CSD4464%20Programming%20Java%20EE/CSD4464-Assignment1-UnrealWar/src/csd4464/assignment1/unrealwar/CSD4464Assignment1UnrealWar.java</file>
        </group>
    </open-files>
</project-private>
